SWK,NAMA_TPS,INPUT,ANGKUT,DIOLAH,SISA,rasio_angkut,rasio_diolah,rasio_sisa,indeks_jarak,WBI,LABEL
KORDOBA,TPS CEMPAKA ARUM,90.0,12.0,0.0,78.0,0.1333,0.0,0.8667,0.8681,0.8699,CRITICAL
TEGALEGA,TIKUM CIGONDEWAH KALER RW 8,6.0,0.0,0.0,6.0,0.0,0.0,1.0,0.5714,0.8571,CRITICAL
KORDOBA,TIKUM MENGGER 03,10.0,0.8571,0.0,9.1429,0.0857,0.0,0.9143,0.6703,0.8348,CRITICAL
KORDOBA,TPS BABAKARAN,12.0,1.7143,0.0,10.2857,0.1429,0.0,0.8571,0.7253,0.8162,CRITICAL
BOJONEGARA,TIKUM BABAKAN CIANJUR,24.0,3.0,0.0,21.0,0.125,0.0,0.875,0.6484,0.8021,CRITICAL
BOJONEGARA,TIKUM SUKARASA RW 04,7.0,1.0,0.0,6.0,0.1429,0.0,0.8571,0.6374,0.7869,CRITICAL
BOJONEGARA,TIKUM APJ CIROYOM,24.0,3.0,0.0,21.0,0.125,0.0,0.875,0.5714,0.7764,CRITICAL
KORDOBA,TIKUM CIPAMOKOLAN 02,8.0,1.7143,0.0,6.2857,0.2143,0.0,0.7857,0.6923,0.759,CRITICAL
KORDOBA,TPS CIPAMOKOLAN 01,7.0,1.7143,0.0,5.2857,0.2449,0.0,0.7551,0.7473,0.7576,CRITICAL
KORDOBA,TPS RANCABOLANG,18.0,5.1429,0.0,12.8571,0.2857,0.0,0.7143,0.7912,0.7459,CRITICAL
TEGALEGA,TPS CIBADUYUT,24.0,12.0,0.0,12.0,0.5,0.0,0.5,1.0,0.6771,CRITICAL
TEGALEGA,TPS PORIB,24.0,12.0,0.0,12.0,0.5,0.0,0.5,0.967,0.6661,CRITICAL
TEGALEGA,TPST NYENGSERET,24.0,12.0,0.0,12.0,0.5,0.0,0.5,0.967,0.6661,CRITICAL
TEGALEGA,TIKUM TPST RDF 1 & 2,24.0,12.0,0.0,12.0,0.5,0.0,0.5,0.9341,0.6551,CRITICAL
BOJONEGARA,TPS SERSAN BAJURI,8.0,2.0,2.0,4.0,0.25,0.25,0.5,0.6923,0.6526,CRITICAL
BOJONEGARA,TPS SARIMADU,36.0,12.0,5.0,19.0,0.3333,0.1389,0.5278,0.6484,0.6212,CRITICAL
BOJONEGARA,TPS CIBOGO,12.0,4.0,2.0,6.0,0.3333,0.1667,0.5,0.6044,0.5973,ALERT
KAREES,TPS SUKABUMI,12.0,0.0,12.0,0.0,0.0,1.0,0.0,0.7143,0.5714,ALERT
KAREES,TPS PEMKOT,12.0,0.0,12.0,0.0,0.0,1.0,0.0,0.6593,0.5531,ALERT
TEGALEGA,TPS KOPO ELOK ,12.0,6.0,0.0,6.0,0.5,0.0,0.5,0.6264,0.5525,ALERT
BOJONEGARA,TIKUM SUKARASA RW 07,7.0,4.0,0.0,3.0,0.5714,0.0,0.4286,0.7253,0.5394,ALERT
TEGALEGA,TPS MELONG ASIH,24.0,12.0,0.0,12.0,0.5,0.0,0.5,0.5714,0.5342,ALERT
KORDOBA,TPS CIWASTRA,125.0,75.0,0.0,50.0,0.6,0.0,0.4,0.7363,0.5246,ALERT
BOJONEGARA,TPS PASAR GERLONG,7.0,4.0,0.0,3.0,0.5714,0.0,0.4286,0.6703,0.5211,ALERT
BOJONEGARA,TIKUM GERLONG RW 08 DAN KARANG TINEUNG,7.0,4.0,0.0,3.0,0.5714,0.0,0.4286,0.6593,0.5174,ALERT
KAREES,TPS BINONG JATI,12.0,6.0,2.0,4.0,0.5,0.1667,0.3333,0.6593,0.508,ALERT
UBERMANIK,TIKUM SUKAMISKIN RW 11,1.5,1.0,0.0,0.5,0.6667,0.0,0.3333,0.7692,0.4925,ALERT
UBERMANIK,TIKUM BINA HARAPAN RW 03,1.0,0.7,0.0,0.3,0.7,0.0,0.3,0.7692,0.471,ALERT
UBERMANIK,TPS INDRAMAYU,35.0,23.0,9.0,3.0,0.6571,0.2571,0.0857,0.8462,0.4386,ALERT
UBERMANIK,TPS CINGISED,13.0,11.0,0.0,2.0,0.8462,0.0,0.1538,0.8681,0.4096,ALERT
UBERMANIK,TPS CIKADUT,25.5,16.0,9.0,0.5,0.6275,0.3529,0.0196,0.7912,0.4075,ALERT
UBERMANIK,TIKUM HARUMAN CIGENDING RW 07,0.6,0.5,0.0,0.1,0.8333,0.0,0.1667,0.7802,0.3885,ALERT
UBERMANIK,TIKUM BUNI SARI,1.2,1.0,0.0,0.2,0.8333,0.0,0.1667,0.7802,0.3885,ALERT
CIBEUNYING,TPS PUNCLUT,18.0,14.0,2.0,4.0,0.7778,0.1111,0.2222,0.6703,0.3878,ALERT
CIBEUNYING,TPS PASAR SADANG SERANG ,18.0,14.0,2.0,4.0,0.7778,0.1111,0.2222,0.6264,0.3731,ALERT
BOJONEGARA,TIKUM ENCE AZIS,12.0,7.0,4.0,1.0,0.5833,0.3333,0.0833,0.5824,0.373,ALERT
KAREES,TPS BABAKAN SARI,20.0,12.0,8.0,0.0,0.6,0.4,0.0,0.6703,0.3693,ALERT
TEGALEGA,TIKUM PANJUNAN EKS NYENGSERET,24.0,24.0,0.0,0.0,1.0,0.0,0.0,0.989,0.3505,ALERT
CIBEUNYING,TIKUM PASAR KOSAMBI,20.0,14.0,4.0,2.0,0.7,0.2,0.1,0.6044,0.3494,ALERT
CIBEUNYING,TPS PAHLAWAN,20.0,14.0,4.0,2.0,0.7,0.2,0.1,0.6044,0.3494,ALERT
TEGALEGA,TIKUM EKS-TPS SATRIA RAYA ,12.0,12.0,0.0,0.0,1.0,0.0,0.0,0.978,0.3468,ALERT
TEGALEGA,TIKUM ULEKAN EKS TPS PASIRKOJA,24.0,24.0,0.0,0.0,1.0,0.0,0.0,0.978,0.3468,ALERT
TEGALEGA,TPS PASADENA,6.0,6.0,0.0,0.0,1.0,0.0,0.0,0.978,0.3468,ALERT
KAREES,TPS PASIRLUYU,18.0,12.0,6.0,0.0,0.6667,0.3333,0.0,0.6593,0.3448,ALERT
TEGALEGA,TPS BATU RENGAT,12.0,12.0,0.0,0.0,1.0,0.0,0.0,0.967,0.3432,ALERT
KAREES,TPS TD CICAHEUM,32.0,24.0,8.0,0.0,0.75,0.25,0.0,0.7253,0.3407,ALERT
UBERMANIK,TPS CIJAMBE,22.0,20.0,0.0,2.0,0.9091,0.0,0.0909,0.7802,0.3396,ALERT
TEGALEGA,TIKUM TAMAN HOLIS,24.0,24.0,0.0,0.0,1.0,0.0,0.0,0.956,0.3395,ALERT
KAREES,TPS CIBANGKONG RW 12,9.0,7.0,2.0,0.0,0.7778,0.2222,0.0,0.7473,0.3394,ALERT
KAREES,TPS PSM,15.0,12.0,3.0,0.0,0.8,0.2,0.0,0.7582,0.3361,ALERT
TEGALEGA,TIKUM BLOK SAWAH,12.0,12.0,0.0,0.0,1.0,0.0,0.0,0.9451,0.3359,ALERT
TEGALEGA,TPS CIJERAH RW 9,6.0,6.0,0.0,0.0,1.0,0.0,0.0,0.9451,0.3359,ALERT
UBERMANIK,TPS CIGENDING,7.0,6.5,0.0,0.5,0.9286,0.0,0.0714,0.8022,0.3344,ALERT
UBERMANIK,TPS PACUAN KUDA,10.0,9.0,1.0,0.0,0.9,0.1,0.0,0.8462,0.3341,ALERT
KAREES,TPS PASAR KARAPITAN,16.0,12.0,4.0,0.0,0.75,0.25,0.0,0.7033,0.3334,ALERT
KAREES,TPS MAJALENGKA,8.0,6.0,2.0,0.0,0.75,0.25,0.0,0.6923,0.3297,ALERT
KAREES,TPS MALEER RW 04,8.0,6.0,2.0,0.0,0.75,0.25,0.0,0.6923,0.3297,ALERT
CIBEUNYING,TPS KOMPLEK SADANG SERANG,18.0,14.0,2.0,2.0,0.7778,0.1111,0.1111,0.6044,0.3288,ALERT
TEGALEGA,TIKUM SUMBER MEKAR RW 11,1.7,1.7,0.0,0.0,1.0,0.0,0.0,0.9231,0.3285,ALERT
TEGALEGA,TIKUM SUMBER SARI,12.0,12.0,0.0,0.0,1.0,0.0,0.0,0.9231,0.3285,ALERT
TEGALEGA,TIKUM KOMPLEK ISTANA SUDIRMAN,1.7,1.7,0.0,0.0,1.0,0.0,0.0,0.9231,0.3285,ALERT
KAREES,TPS CIBANGKONG RW 11,9.0,7.0,2.0,0.0,0.7778,0.2222,0.0,0.7143,0.3284,ALERT
UBERMANIK,TPS PANGARITAN,31.0,30.0,0.0,1.0,0.9677,0.0,0.0323,0.8571,0.3274,ALERT
KAREES,TPS BABAKAN DESE,8.0,6.0,2.0,0.0,0.75,0.25,0.0,0.6813,0.3261,ALERT
KAREES,TIKUM MALEER,8.0,6.0,2.0,0.0,0.75,0.25,0.0,0.6813,0.3261,ALERT
CIBEUNYING,TPS TD SUCI,35.0,28.0,3.0,4.0,0.8,0.0857,0.1143,0.6044,0.3229,ALERT
KAREES,TPS GUMURUH,16.0,12.0,4.0,0.0,0.75,0.25,0.0,0.6703,0.3224,ALERT
KAREES,TPS PASAR KIARACONDONG,16.0,12.0,4.0,0.0,0.75,0.25,0.0,0.6703,0.3224,ALERT
TEGALEGA,TPS PASAR SUKAHAJI,12.0,12.0,0.0,0.0,1.0,0.0,0.0,0.9011,0.3212,ALERT
TEGALEGA,TIKUM PASIR KOJA,12.0,12.0,0.0,0.0,1.0,0.0,0.0,0.9011,0.3212,ALERT
TEGALEGA,TPS SURYANI,12.0,12.0,0.0,0.0,1.0,0.0,0.0,0.9011,0.3212,ALERT
KORDOBA,TIKUM CIPAMOKOLAN 03,1.7143,1.7143,0.0,0.0,1.0,0.0,0.0,0.9011,0.3212,ALERT
CIBEUNYING,TPS DAGO BENGKOK,18.0,14.0,4.0,0.0,0.7778,0.2222,0.0,0.6923,0.321,ALERT
KAREES,TIKUM KEBON GEDANG,14.0,12.0,2.0,0.0,0.8571,0.1429,0.0,0.7582,0.3182,ALERT
KAREES,TIKUM KEBON JAYANTI,14.0,12.0,2.0,0.0,0.8571,0.1429,0.0,0.7582,0.3182,ALERT
KORDOBA,TPSOS GEDEBAGE,1.7143,1.7143,0.0,0.0,1.0,0.0,0.0,0.8901,0.3175,ALERT
KAREES,TPS KARAPITAN,15.0,12.0,3.0,0.0,0.8,0.2,0.0,0.6923,0.3141,ALERT
KORDOBA,TPS RANCANUMPANG ,3.4286,3.4286,0.0,0.0,1.0,0.0,0.0,0.8791,0.3139,ALERT
KAREES,TIKUM PASAR BTM,14.0,12.0,2.0,0.0,0.8571,0.1429,0.0,0.7363,0.3109,ALERT
CIBEUNYING,TPS PATRAKOMALA,20.0,14.0,6.0,0.0,0.7,0.3,0.0,0.5824,0.3087,ALERT
TEGALEGA,TIKUM KOMPLEK SAKURA,0.9,0.96,0.0,0.0,1.0667,0.0,0.0,0.9231,0.3077,ALERT
CIBEUNYING,TPS TAMANSARI DEPAN BNI,18.0,14.0,2.0,2.0,0.7778,0.1111,0.1111,0.5385,0.3068,ALERT
UBERMANIK,TPS ARCAMANIK,10.0,10.0,0.0,0.0,1.0,0.0,0.0,0.8571,0.3065,ALERT
UBERMANIK,TPS CISARANTEN JATI,10.0,10.0,0.0,0.0,1.0,0.0,0.0,0.8571,0.3065,ALERT
KAREES,TPS SPA TEGALEGA,29.0,24.0,5.0,0.0,0.8276,0.1724,0.0,0.6923,0.3055,ALERT
KAREES,TPS CIBANGKONG,7.0,6.0,1.0,0.0,0.8571,0.1429,0.0,0.7143,0.3036,ALERT
KAREES,TPS CIDURIAN,15.0,12.0,3.0,0.0,0.8,0.2,0.0,0.6593,0.3031,ALERT
CIBEUNYING,TIKUM PUSDAI,10.0,7.0,3.0,0.0,0.7,0.3,0.0,0.5604,0.3014,ALERT
KAREES,TPS BINTARA,14.0,12.0,2.0,0.0,0.8571,0.1429,0.0,0.7033,0.2999,SAFE
KAREES,TIKUM CIBANGKONG,7.0,6.0,1.0,0.0,0.8571,0.1429,0.0,0.7033,0.2999,SAFE
KAREES,TPS MENGGER,9.0,7.0,2.0,0.0,0.7778,0.2222,0.0,0.6264,0.2991,SAFE
KAREES,TPS MALEER RW 05,7.0,6.0,1.0,0.0,0.8571,0.1429,0.0,0.6923,0.2962,SAFE
KORDOBA,TIKUM CISARANTEN KIDUL 01,3.4286,3.4286,0.0,0.0,1.0,0.0,0.0,0.8242,0.2956,SAFE
UBERMANIK,TPS SUBANG,17.0,17.0,0.0,0.0,1.0,0.0,0.0,0.8242,0.2956,SAFE
KAREES,TPS SESKO AD,14.0,12.0,2.0,0.0,0.8571,0.1429,0.0,0.6813,0.2926,SAFE
UBERMANIK,TPS PASAR UJUNG BERUNG,29.0,28.5,0.0,0.5,0.9828,0.0,0.0172,0.7802,0.292,SAFE
KORDOBA,TIKUM CISARANTEN KIDUL 06 & 08,2.5714,2.5714,0.0,0.0,1.0,0.0,0.0,0.8132,0.2919,SAFE
UBERMANIK,TPS GADING REGENCY,2.0,2.0,0.0,0.0,1.0,0.0,0.0,0.8132,0.2919,SAFE
UBERMANIK,TIKUM JATIHANDAP RW 13,1.0,1.0,0.0,0.0,1.0,0.0,0.0,0.8132,0.2919,SAFE
CIBEUNYING,TIKUM DIPATIUKUR,10.0,7.0,3.0,0.0,0.7,0.3,0.0,0.5275,0.2904,SAFE
BOJONEGARA,TIKUM KOMPLEK KPAD GERLONG,7.0,6.0,2.0,0.0,0.8571,0.2857,0.0,0.6703,0.2889,SAFE
KAREES,TIKUM KEBON KANGKUNG,14.0,12.0,2.0,0.0,0.8571,0.1429,0.0,0.6703,0.2889,SAFE
KAREES,TPS SESKO TNI,14.0,12.0,2.0,0.0,0.8571,0.1429,0.0,0.6703,0.2889,SAFE
UBERMANIK,TPS CIBATU,20.0,20.0,0.0,0.0,1.0,0.0,0.0,0.8022,0.2882,SAFE
CIBEUNYING,TPS EKS DAGO GOLF,18.0,14.0,4.0,0.0,0.7778,0.2222,0.0,0.5934,0.2881,SAFE
KAREES,TIKUM PUTRACO,14.0,12.0,2.0,0.0,0.8571,0.1429,0.0,0.6593,0.2853,SAFE
KAREES,TIKUM HASAN SAPUTRA,14.0,12.0,2.0,0.0,0.8571,0.1429,0.0,0.6593,0.2853,SAFE
KORDOBA,TIKUM MARGAHAYU,1.7143,1.7143,0.0,0.0,1.0,0.0,0.0,0.7912,0.2846,SAFE
KORDOBA,TPS BUANA SOETA,1.7143,1.7143,0.0,0.0,1.0,0.0,0.0,0.7912,0.2846,SAFE
UBERMANIK,TIKUM SUKA ASIH RW 07,0.5,0.5,0.0,0.0,1.0,0.0,0.0,0.7802,0.2809,SAFE
KORDOBA,TPS KOMP. KEADILAN 09,0.8571,0.8571,0.0,0.0,1.0,0.0,0.0,0.7802,0.2809,SAFE
UBERMANIK,TIKUM SPA GEDEBAGE,35.0,35.0,0.0,0.0,1.0,0.0,0.0,0.7802,0.2809,SAFE
UBERMANIK,TPS GOLF,4.0,4.0,0.0,0.0,1.0,0.0,0.0,0.7802,0.2809,SAFE
UBERMANIK,TPS UJUNG BERUNG INDAH,2.0,2.0,0.0,0.0,1.0,0.0,0.0,0.7802,0.2809,SAFE
UBERMANIK,TPS CICUKANG,2.0,2.0,0.0,0.0,1.0,0.0,0.0,0.7802,0.2809,SAFE
UBERMANIK,TPS BANDUNG HILL,2.0,2.0,0.0,0.0,1.0,0.0,0.0,0.7692,0.2772,SAFE
KORDOBA,TIKUM GRAND SHARON,5.1429,5.1429,0.0,0.0,1.0,0.0,0.0,0.7692,0.2772,SAFE
UBERMANIK,TIKUM ZIPUR 09,2.0,2.0,0.0,0.0,1.0,0.0,0.0,0.7692,0.2772,SAFE
UBERMANIK,TIKUM POOL PASIR IMPUN,4.0,4.0,0.0,0.0,1.0,0.0,0.0,0.7692,0.2772,SAFE
UBERMANIK,TPS PU BINAMARGA,7.0,7.0,0.0,0.0,1.0,0.0,0.0,0.7692,0.2772,SAFE
UBERMANIK,TPS CINAMBO,1.0,1.0,0.0,0.0,1.0,0.0,0.0,0.7582,0.2736,SAFE
UBERMANIK,TPS RUSUNAWA CINGISED,1.0,1.0,0.0,0.0,1.0,0.0,0.0,0.7582,0.2736,SAFE
KORDOBA,TIKUM WATES ,1.7143,1.7143,0.0,0.0,1.0,0.0,0.0,0.7582,0.2736,SAFE
KAREES,TIKUM PSM-PINDAD,13.0,12.0,1.0,0.0,0.9231,0.0769,0.0,0.6813,0.272,SAFE
KORDOBA,TIKUM SEKEJATI 05,2.5714,2.5714,0.0,0.0,1.0,0.0,0.0,0.7473,0.2699,SAFE
KORDOBA,TIKUM SEKEJATI 06,2.5714,2.5714,0.0,0.0,1.0,0.0,0.0,0.7473,0.2699,SAFE
CIBEUNYING,TPS TERMINAL LEDENG,2.2857,2.0,0.2857,0.0,0.875,0.125,0.0,0.6264,0.2687,SAFE
KORDOBA,TIKUM CIPAMOKOLAN 09,1.7143,1.7143,0.0,0.0,1.0,0.0,0.0,0.7363,0.2663,SAFE
KORDOBA,TIKUM CIPAMOKOLAN 07,1.7143,1.7143,0.0,0.0,1.0,0.0,0.0,0.7363,0.2663,SAFE
KORDOBA,TIKUM PALEM PERMAI,1.7143,1.7143,0.0,0.0,1.0,0.0,0.0,0.7253,0.2626,SAFE
KAREES,TPS CIBANGKONG RW 10,6.0,6.0,0.0,0.0,1.0,0.0,0.0,0.7253,0.2626,SAFE
KAREES,TPS CIBANGKONG RW 06,6.0,6.0,0.0,0.0,1.0,0.0,0.0,0.7253,0.2626,SAFE
KORDOBA,TIKUM CISARANTEN KIDUL 03 & 05,1.7143,1.7143,0.0,0.0,1.0,0.0,0.0,0.7253,0.2626,SAFE
KORDOBA,TIKUM ARYA GRAHA,1.7143,1.7143,0.0,0.0,1.0,0.0,0.0,0.7253,0.2626,SAFE
KAREES,TPS PT INTI,6.0,6.0,0.0,0.0,1.0,0.0,0.0,0.7143,0.2589,SAFE
KORDOBA,TIKUM BHINEKAS,1.7143,1.7143,0.0,0.0,1.0,0.0,0.0,0.7143,0.2589,SAFE
KORDOBA,TIKUM CIJAURA 13,0.8571,0.8571,0.0,0.0,1.0,0.0,0.0,0.7143,0.2589,SAFE
KORDOBA,TIKUM CISARANTEN KIDUL 11,1.7143,1.7143,0.0,0.0,1.0,0.0,0.0,0.7143,0.2589,SAFE
KORDOBA,TIKUM KUJANGSARI 07,1.7143,1.7143,0.0,0.0,1.0,0.0,0.0,0.7143,0.2589,SAFE
CIBEUNYING,TPS TERMINAL DAGO,16.0,14.0,2.0,0.0,0.875,0.125,0.0,0.5934,0.2577,SAFE
BOJONEGARA,TPS CILIMUS,2.0,2.0,0.0,0.0,1.0,0.0,0.0,0.7033,0.2553,SAFE
KORDOBA,TPS PERUM PU,1.7143,1.7143,0.0,0.0,1.0,0.0,0.0,0.7033,0.2553,SAFE
KORDOBA,TIKUM MARGA ASRI 2&4,1.7143,1.7143,0.0,0.0,1.0,0.0,0.0,0.7033,0.2553,SAFE
CIBEUNYING,TPS CIKUTRA,30.0,28.0,2.0,0.0,0.9333,0.0667,0.0,0.6374,0.2541,SAFE
CIBEUNYING,TPS GUDANG SELATAN,8.0,7.0,1.0,0.0,0.875,0.125,0.0,0.5824,0.254,SAFE
TEGALEGA,TIKUM CIBOLERANG RW 4 MARGAHAYU UTARA,0.9,0.8571,0.0,0.0429,0.9524,0.0,0.0476,0.6044,0.2531,SAFE
KORDOBA,TPS CIPAGALO,3.4,3.4286,0.0,0.0,1.0084,0.0,0.0,0.7033,0.2526,SAFE
KORDOBA,TPS MENGGER 01,1.7143,1.7143,0.0,0.0,1.0,0.0,0.0,0.6923,0.2516,SAFE
KORDOBA,TPS BEA CUKAI,1.7,1.7,0.0,0.0,1.0,0.0,0.0,0.6923,0.2516,SAFE
KORDOBA,TPS BATUNUNGGAL,3.4286,3.4286,0.0,0.0,1.0,0.0,0.0,0.6923,0.2516,SAFE
KORDOBA,TIKUM MARGASARI 14,0.8571,0.8571,0.0,0.0,1.0,0.0,0.0,0.6923,0.2516,SAFE
CIBEUNYING,TPS BABAKAN SILIWANGI,16.0,14.0,2.0,0.0,0.875,0.125,0.0,0.5714,0.2504,SAFE
KORDOBA,TIKUM CIJAURA 08,1.7143,1.7143,0.0,0.0,1.0,0.0,0.0,0.6813,0.2479,SAFE
KORDOBA,TIKUM MARGASARI 09,1.7143,1.7143,0.0,0.0,1.0,0.0,0.0,0.6813,0.2479,SAFE
CIBEUNYING,TPS AMBON,32.0,28.0,4.0,0.0,0.875,0.125,0.0,0.5604,0.2467,SAFE
KORDOBA,TPS JAKAPURWA,1.7143,1.7143,0.0,0.0,1.0,0.0,0.0,0.6703,0.2443,SAFE
TEGALEGA,TIKUM MEKARWANGI RW 8,6.0,6.0,0.0,0.0,1.0,0.0,0.0,0.6703,0.2443,SAFE
KORDOBA,TIKUM BATUNUNGGAL 11 12,5.1429,5.1429,0.0,0.0,1.0,0.0,0.0,0.6593,0.2406,SAFE
TEGALEGA,TIKUM KOMPLEK MEKARWANGI RW 6,0.9,0.9,0.0,0.0,1.0,0.0,0.0,0.6593,0.2406,SAFE
KORDOBA,TIKUM KOMP. PARAKAN 02,0.8571,0.8571,0.0,0.0,1.0,0.0,0.0,0.6593,0.2406,SAFE
KORDOBA,TIKUM BATU INDAH,3.4286,3.4286,0.0,0.0,1.0,0.0,0.0,0.6593,0.2406,SAFE
TEGALEGA,TPS MEKARWANGI,6.0,6.0,0.0,0.0,1.0,0.0,0.0,0.6593,0.2406,SAFE
KORDOBA,TIKUM MENGGER 04,0.8571,0.8571,0.0,0.0,1.0,0.0,0.0,0.6593,0.2406,SAFE
KAREES,TIKUM BANTEN,12.0,12.0,0.0,0.0,1.0,0.0,0.0,0.6593,0.2406,SAFE
KORDOBA,TIKUM MARGASARI 01,1.7143,1.7143,0.0,0.0,1.0,0.0,0.0,0.6593,0.2406,SAFE
KORDOBA,TPS ADHYAKSA,1.7143,1.7143,0.0,0.0,1.0,0.0,0.0,0.6593,0.2406,SAFE
CIBEUNYING,TPS LEDENG RW 06,14.0,14.0,2.0,0.0,1.0,0.1429,0.0,0.6593,0.2406,SAFE
KORDOBA,TIKUM CIJAURA 02 & 03,1.7143,1.7143,0.0,0.0,1.0,0.0,0.0,0.6484,0.237,SAFE
KORDOBA,TIKUM BATUNUNGGAL 9 10,5.1429,5.1429,0.0,0.0,1.0,0.0,0.0,0.6484,0.237,SAFE
KAREES,TPS PT DELAMI,12.0,12.0,0.0,0.0,1.0,0.0,0.0,0.6484,0.237,SAFE
KORDOBA,TIKUM CIJAURA 01 & 02 ,0.8571,0.8571,0.0,0.0,1.0,0.0,0.0,0.6374,0.2333,SAFE
BOJONEGARA,TPS GUNUNG BATU TIMUR,4.0,4.0,0.0,0.0,1.0,0.0,0.0,0.6374,0.2333,SAFE
BOJONEGARA,TPS GUNUNG BATU BARAT,6.0,6.0,0.0,0.0,1.0,0.0,0.0,0.6374,0.2333,SAFE
BOJONEGARA,TIKUM SUKAGALIH RW 01,14.0,14.0,0.0,0.0,1.0,0.0,0.0,0.6374,0.2333,SAFE
KORDOBA,TIKUM SEKELIMUS 06,0.8571,0.8571,0.0,0.0,1.0,0.0,0.0,0.6374,0.2333,SAFE
KORDOBA,TIKUM KORDON,12.0,12.0,0.0,0.0,1.0,0.0,0.0,0.6374,0.2333,SAFE
KORDOBA,TIKUM SEKELIMUS 08,0.8571,0.8571,0.0,0.0,1.0,0.0,0.0,0.6264,0.2296,SAFE
KORDOBA,TIKUM SEKELIMUS 07,0.8571,0.8571,0.0,0.0,1.0,0.0,0.0,0.6264,0.2296,SAFE
BOJONEGARA,TIKUM BABAKAN JERUK,2.0,2.0,0.0,0.0,1.0,0.0,0.0,0.6154,0.226,SAFE
TEGALEGA,TPS PASAR ASTANA ANYAR,12.0,12.0,0.0,0.0,1.0,0.0,0.0,0.6154,0.226,SAFE
TEGALEGA,TPS PASAR LEUWIPANJANG,6.0,6.0,0.0,0.0,1.0,0.0,0.0,0.6154,0.226,SAFE
BOJONEGARA,TIKUM SARIJADI RW 01,8.0,8.0,0.0,0.0,1.0,0.0,0.0,0.6154,0.226,SAFE
BOJONEGARA,TIKUM BUDI,2.0,2.0,0.0,0.0,1.0,0.0,0.0,0.6154,0.226,SAFE
CIBEUNYING,TPS PANORAMA,7.0,7.0,2.0,0.0,1.0,0.2857,0.0,0.6154,0.226,SAFE
TEGALEGA,TIKUM CIBOLERANG RW 6 & 7,1.7,1.7143,0.0,0.0,1.0084,0.0,0.0,0.6154,0.2233,SAFE
TEGALEGA,TIKUM KOMPLEK MUARA,1.7,1.7,0.0,0.0,1.0,0.0,0.0,0.6044,0.2223,SAFE
CIBEUNYING,TIKUM SUKALUYU RW 11,7.0,7.0,2.0,0.0,1.0,0.2857,0.0,0.6044,0.2223,SAFE
TEGALEGA,TIKUM CIKUNGKURAK,12.0,12.0,0.0,0.0,1.0,0.0,0.0,0.6044,0.2223,SAFE
TEGALEGA,TIKUM CIGONDEWAH KALER RW 13,12.0,12.0,0.0,0.0,1.0,0.0,0.0,0.6044,0.2223,SAFE
BOJONEGARA,TIKUM CICENDO,4.0,4.0,0.0,0.0,1.0,0.0,0.0,0.5934,0.2186,SAFE
BOJONEGARA,TIKUM RAJAWALI ASEM,14.0,14.0,0.0,0.0,1.0,0.0,0.0,0.5934,0.2186,SAFE
BOJONEGARA,TIKUM GOR PADJAJARAN,7.0,7.0,0.0,0.0,1.0,0.0,0.0,0.5934,0.2186,SAFE
CIBEUNYING,TIKUM SUKALUYU,7.0,7.0,0.0,0.0,1.0,0.0,0.0,0.5934,0.2186,SAFE
CIBEUNYING,TPS TAMAN CIBEUNYING,28.0,28.0,0.0,0.0,1.0,0.0,0.0,0.5824,0.215,SAFE
TEGALEGA,TIKUM CIGONDEWAH KALER RW 12 ,1.7,1.7,0.0,0.0,1.0,0.0,0.0,0.5824,0.215,SAFE
CIBEUNYING,TPS DENMA TNI,14.0,14.0,0.0,0.0,1.0,0.0,0.0,0.5824,0.215,SAFE
CIBEUNYING,TPS BALAI KESELAMATAN,7.0,7.0,0.0,0.0,1.0,0.0,0.0,0.5824,0.215,SAFE
TEGALEGA,TIKUM BLOK SAWAH TAMAN HOLIS,1.7,1.7,0.0,0.0,1.0,0.0,0.0,0.5824,0.215,SAFE
BOJONEGARA,TIKUM DUNGUS CARIANG RW 11,2.0,2.0,0.0,0.0,1.0,0.0,0.0,0.5714,0.2113,SAFE
CIBEUNYING,TPS SANGKURIANG ,14.0,14.0,2.0,0.0,1.0,0.1429,0.0,0.5714,0.2113,SAFE
BOJONEGARA,TPS INDUSTRI DALAM,4.0,4.0,0.0,0.0,1.0,0.0,0.0,0.5714,0.2113,SAFE
BOJONEGARA,TIKUM PAMOYANAN/BALADEWA,4.0,4.0,0.0,0.0,1.0,0.0,0.0,0.5714,0.2113,SAFE
TEGALEGA,TPS CIJERAH RW 1,6.0,6.0,0.0,0.0,1.0,0.0,0.0,0.5714,0.2113,SAFE
TEGALEGA,TIKUM CIGONDEWAH KALER RW 10,0.9,0.9,0.0,0.0,1.0,0.0,0.0,0.5714,0.2113,SAFE
TEGALEGA,TIKUM CIGONDEWAH KALER RW 11,0.9,0.9,0.0,0.0,1.0,0.0,0.0,0.5714,0.2113,SAFE
TEGALEGA,TIKUM CIGONDEWAH KALER RW 6,6.0,6.0,0.0,0.0,1.0,0.0,0.0,0.5714,0.2113,SAFE
TEGALEGA,TIKUM CIGONDEWAH KALER RW 7,0.9,0.9,0.0,0.0,1.0,0.0,0.0,0.5714,0.2113,SAFE
TEGALEGA,TPS DIAN PERMAI,12.0,12.0,0.0,0.0,1.0,0.0,0.0,0.5714,0.2113,SAFE
TEGALEGA,TPS PASAR CIJERAH,12.0,12.0,0.0,0.0,1.0,0.0,0.0,0.5604,0.2076,SAFE
CIBEUNYING,TIKUM MONJU,14.0,14.0,2.0,0.0,1.0,0.1429,0.0,0.5385,0.2003,SAFE
